Region,X,Y,Z
1,0.0677185,-0.05000305,-0.361328
2,0.0983887,-0.059539800000000004,-0.379395
