{"data_time": 0.004029584000818431, "eta_seconds": 94.13313643774018, "fast_rcnn/cls_accuracy": 0.744140625, "fast_rcnn/false_negative": 0.9921875, "fast_rcnn/fg_cls_accuracy": 0.0078125, "iteration": 19, "loss_box_reg": 0.8717954754829407, "loss_cls": 0.6238794922828674, "loss_mask": 0.6974767744541168, "loss_rpn_cls": 0.13217037916183472, "loss_rpn_loc": 0.16364333033561707, "lr": 1.60675e-05, "mask_rcnn/accuracy": 0.14732102897549998, "mask_rcnn/false_negative": 0.7837380661594757, "mask_rcnn/false_positive": 0.8935028426361186, "rank_data_time": 0.004029584000818431, "roi_head/num_bg_samples": 97.75, "roi_head/num_fg_samples": 30.25, "rpn/num_neg_anchors": 198.25, "rpn/num_pos_anchors": 57.75, "time": 0.3361897729919292, "total_loss": 2.5301658511161804}
{"data_time": 0.003568947984604165, "eta_seconds": 85.21296355407685, "fast_rcnn/cls_accuracy": 0.75390625, "fast_rcnn/false_negative": 1.0, "fast_rcnn/fg_cls_accuracy": 0.0, "iteration": 39, "loss_box_reg": 0.8695781528949738, "loss_cls": 0.5572567880153656, "loss_mask": 0.669084757566452, "loss_rpn_cls": 0.024874254129827023, "loss_rpn_loc": 0.13211371004581451, "lr": 3.2717500000000007e-05, "mask_rcnn/accuracy": 0.8815035590849243, "mask_rcnn/false_negative": 0.12308590666877464, "mask_rcnn/false_positive": 0.1117156307744543, "rank_data_time": 0.003568947984604165, "roi_head/num_bg_samples": 96.75, "roi_head/num_fg_samples": 31.25, "rpn/num_neg_anchors": 201.25, "rpn/num_pos_anchors": 54.75, "time": 0.314426350989379, "total_loss": 2.249542833538726}
{"data_time": 0.0029191630019340664, "eta_seconds": 75.46232423745096, "fast_rcnn/cls_accuracy": 0.755859375, "fast_rcnn/false_negative": 1.0, "fast_rcnn/fg_cls_accuracy": 0.0, "iteration": 59, "loss_box_reg": 0.8997818231582642, "loss_cls": 0.4712923467159271, "loss_mask": 0.605741947889328, "loss_rpn_cls": 0.01606481894850731, "loss_rpn_loc": 0.14547406136989594, "lr": 4.93675e-05, "mask_rcnn/accuracy": 0.8860511001275511, "mask_rcnn/false_negative": 0.11962898777372102, "mask_rcnn/false_positive": 0.10971299874339277, "rank_data_time": 0.0029191630019340664, "roi_head/num_bg_samples": 96.0, "roi_head/num_fg_samples": 32.0, "rpn/num_neg_anchors": 189.0, "rpn/num_pos_anchors": 67.0, "time": 0.30292284447932616, "total_loss": 2.1380180360283703}
{"data_time": 0.0036845800059381872, "eta_seconds": 71.66570124973077, "fast_rcnn/cls_accuracy": 0.833984375, "fast_rcnn/false_negative": 0.7781620553359684, "fast_rcnn/fg_cls_accuracy": 0.22183794466403162, "iteration": 79, "loss_box_reg": 0.8589404225349426, "loss_cls": 0.390937015414238, "loss_mask": 0.5218644142150879, "loss_rpn_cls": 0.009590675588697195, "loss_rpn_loc": 0.12072101980447769, "lr": 6.60175e-05, "mask_rcnn/accuracy": 0.8942297657699443, "mask_rcnn/false_negative": 0.11907854397768983, "mask_rcnn/false_positive": 0.10270558823793832, "rank_data_time": 0.0036845800059381872, "roi_head/num_bg_samples": 96.0, "roi_head/num_fg_samples": 32.0, "rpn/num_neg_anchors": 196.25, "rpn/num_pos_anchors": 59.75, "time": 0.34774903851212, "total_loss": 1.9273907258175313}
{"data_time": 0.0035298959992360324, "eta_seconds": 65.15063749975525, "fast_rcnn/cls_accuracy": 0.904296875, "fast_rcnn/false_negative": 0.3685763888888889, "fast_rcnn/fg_cls_accuracy": 0.6314236111111111, "iteration": 99, "loss_box_reg": 0.8257511854171753, "loss_cls": 0.3064118027687073, "loss_mask": 0.4168746620416641, "loss_rpn_cls": 0.008899957407265902, "loss_rpn_loc": 0.10653822496533394, "lr": 8.266750000000001e-05, "mask_rcnn/accuracy": 0.8935746173469388, "mask_rcnn/false_negative": 0.11023237423363655, "mask_rcnn/false_positive": 0.08832167419567538, "rank_data_time": 0.0035298959992360324, "roi_head/num_bg_samples": 96.0, "roi_head/num_fg_samples": 32.0, "rpn/num_neg_anchors": 192.5, "rpn/num_pos_anchors": 63.5, "time": 0.3251751454954501, "total_loss": 1.68323997722473}
{"data_time": 0.003541605023201555, "eta_seconds": 58.635573749779724, "fast_rcnn/cls_accuracy": 0.9375, "fast_rcnn/false_negative": 0.1440829918032787, "fast_rcnn/fg_cls_accuracy": 0.8559170081967213, "iteration": 119, "loss_box_reg": 0.745575875043869, "loss_cls": 0.2421940341591835, "loss_mask": 0.32609379291534424, "loss_rpn_cls": 0.011720299255102873, "loss_rpn_loc": 0.1165863536298275, "lr": 9.93175e-05, "mask_rcnn/accuracy": 0.8921287232874707, "mask_rcnn/false_negative": 0.10674933398019312, "mask_rcnn/false_positive": 0.10897611835033821, "rank_data_time": 0.003541605023201555, "roi_head/num_bg_samples": 96.0, "roi_head/num_fg_samples": 32.0, "rpn/num_neg_anchors": 196.75, "rpn/num_pos_anchors": 59.25, "time": 0.32682303749606945, "total_loss": 1.4685422223992646}
{"data_time": 0.003485772496787831, "eta_seconds": 52.091866321861744, "fast_rcnn/cls_accuracy": 0.94140625, "fast_rcnn/false_negative": 0.09375, "fast_rcnn/fg_cls_accuracy": 0.90625, "iteration": 139, "loss_box_reg": 0.6539356708526611, "loss_cls": 0.20372217893600464, "loss_mask": 0.26595184206962585, "loss_rpn_cls": 0.007171017816290259, "loss_rpn_loc": 0.1180059127509594, "lr": 0.0001159675, "mask_rcnn/accuracy": 0.9023836096938775, "mask_rcnn/false_negative": 0.10025817751282773, "mask_rcnn/false_positive": 0.08966008358434967, "rank_data_time": 0.003485772496787831, "roi_head/num_bg_samples": 96.0, "roi_head/num_fg_samples": 32.0, "rpn/num_neg_anchors": 195.75, "rpn/num_pos_anchors": 60.25, "time": 0.3175348400254734, "total_loss": 1.2873871446208796}
{"data_time": 0.003119798464467749, "eta_seconds": 45.2584889420541, "fast_rcnn/cls_accuracy": 0.943359375, "fast_rcnn/false_negative": 0.078125, "fast_rcnn/fg_cls_accuracy": 0.921875, "iteration": 159, "loss_box_reg": 0.541447103023529, "loss_cls": 0.15817324072122574, "loss_mask": 0.24389004707336426, "loss_rpn_cls": 0.007515457924455404, "loss_rpn_loc": 0.10883920267224312, "lr": 0.0001326175, "mask_rcnn/accuracy": 0.9001415019132653, "mask_rcnn/false_negative": 0.09949604187624973, "mask_rcnn/false_positive": 0.0898245553662967, "rank_data_time": 0.003119798464467749, "roi_head/num_bg_samples": 96.0, "roi_head/num_fg_samples": 32.0, "rpn/num_neg_anchors": 196.25, "rpn/num_pos_anchors": 59.75, "time": 0.32066873653093353, "total_loss": 1.0455633052624762}
{"data_time": 0.002791893028188497, "eta_seconds": 38.39369454304688, "fast_rcnn/cls_accuracy": 0.953125, "fast_rcnn/false_negative": 0.09375, "fast_rcnn/fg_cls_accuracy": 0.90625, "iteration": 179, "loss_box_reg": 0.442719042301178, "loss_cls": 0.1317778378725052, "loss_mask": 0.2233210727572441, "loss_rpn_cls": 0.013525295071303844, "loss_rpn_loc": 0.08837391063570976, "lr": 0.0001492675, "mask_rcnn/accuracy": 0.9070172991071428, "mask_rcnn/false_negative": 0.11329326064739625, "mask_rcnn/false_positive": 0.08102524369446334, "rank_data_time": 0.002791893028188497, "roi_head/num_bg_samples": 96.0, "roi_head/num_fg_samples": 32.0, "rpn/num_neg_anchors": 197.25, "rpn/num_pos_anchors": 58.75, "time": 0.2951750124921091, "total_loss": 0.8996684571029618}
{"data_time": 0.003642349533038214, "eta_seconds": 31.40998905291781, "fast_rcnn/cls_accuracy": 0.953125, "fast_rcnn/false_negative": 0.0859375, "fast_rcnn/fg_cls_accuracy": 0.9140625, "iteration": 199, "loss_box_reg": 0.3935104161500931, "loss_cls": 0.12800408154726028, "loss_mask": 0.22874284535646439, "loss_rpn_cls": 0.004799064248800278, "loss_rpn_loc": 0.10331352800130844, "lr": 0.0001659175, "mask_rcnn/accuracy": 0.9045758928571428, "mask_rcnn/false_negative": 0.10493328702815402, "mask_rcnn/false_positive": 0.08774913928139114, "rank_data_time": 0.003642349533038214, "roi_head/num_bg_samples": 96.0, "roi_head/num_fg_samples": 32.0, "rpn/num_neg_anchors": 193.75, "rpn/num_pos_anchors": 62.25, "time": 0.29645090698613785, "total_loss": 0.8893005417194217}
{"data_time": 0.003718811523867771, "eta_seconds": 25.03776548197493, "fast_rcnn/cls_accuracy": 0.955078125, "fast_rcnn/false_negative": 0.078125, "fast_rcnn/fg_cls_accuracy": 0.921875, "iteration": 219, "loss_box_reg": 0.3226940780878067, "loss_cls": 0.11369766294956207,